Squad,Playing Time MP_median,Playing Time MP_mean,Playing Time MP_std,Playing Time Starts_median,Playing Time Starts_mean,Playing Time Starts_std,Playing Time Min_median,Playing Time Min_mean,Playing Time Min_std,Playing Time 90s_median,Playing Time 90s_mean,Playing Time 90s_std,Performance Gls_median,Performance Gls_mean,Performance Gls_std,Performance Ast_median,Performance Ast_mean,Performance Ast_std,Performance G+A_median,Performance G+A_mean,Performance G+A_std,Performance G-PK_median,Performance G-PK_mean,Performance G-PK_std,Performance PK_median,Performance PK_mean,Performance PK_std,Performance PKatt_median,Performance PKatt_mean,Performance PKatt_std,Performance CrdY_median,Performance CrdY_mean,Performance CrdY_std,Performance CrdR_median,Performance CrdR_mean,Performance CrdR_std,Per 90 Minutes Gls_median,Per 90 Minutes Gls_mean,Per 90 Minutes Gls_std,Per 90 Minutes Ast_median,Per 90 Minutes Ast_mean,Per 90 Minutes Ast_std,Per 90 Minutes G+A_median,Per 90 Minutes G+A_mean,Per 90 Minutes G+A_std,Per 90 Minutes G-PK_median,Per 90 Minutes G-PK_mean,Per 90 Minutes G-PK_std,Per 90 Minutes G+A-PK_median,Per 90 Minutes G+A-PK_mean,Per 90 Minutes G+A-PK_std,Performance GA_median,Performance GA_mean,Performance GA_std,Performance GA90_median,Performance GA90_mean,Performance GA90_std,Performance SoTA_median,Performance SoTA_mean,Performance SoTA_std,Performance Saves_median,Performance Saves_mean,Performance Saves_std,Performance Save%_median,Performance Save%_mean,Performance Save%_std,Performance W_median,Performance W_mean,Performance W_std,Performance D_median,Performance D_mean,Performance D_std,Performance L_median,Performance L_mean,Performance L_std,Performance CS_median,Performance CS_mean,Performance CS_std,Performance CS%_median,Performance CS%_mean,Performance CS%_std,Penalty Kicks PKatt_median,Penalty Kicks PKatt_mean,Penalty Kicks PKatt_std,Penalty Kicks PKA_median,Penalty Kicks PKA_mean,Penalty Kicks PKA_std,Penalty Kicks PKsv_median,Penalty Kicks PKsv_mean,Penalty Kicks PKsv_std,Penalty Kicks PKm_median,Penalty Kicks PKm_mean,Penalty Kicks PKm_std,Penalty Kicks Save%_median,Penalty Kicks Save%_mean,Penalty Kicks Save%_std,Standard Sh_median,Standard Sh_mean,Standard Sh_std,Standard SoT_median,Standard SoT_mean,Standard SoT_std,Standard SoT%_median,Standard SoT%_mean,Standard SoT%_std,Standard Sh/90_median,Standard Sh/90_mean,Standard Sh/90_std,Standard SoT/90_median,Standard SoT/90_mean,Standard SoT/90_std,Standard G/Sh_median,Standard G/Sh_mean,Standard G/Sh_std,Standard G/SoT_median,Standard G/SoT_mean,Standard G/SoT_std,Playing Time Mn/MP_median,Playing Time Mn/MP_mean,Playing Time Mn/MP_std,Playing Time Min%_median,Playing Time Min%_mean,Playing Time Min%_std,Starts Mn/Start_median,Starts Mn/Start_mean,Starts Mn/Start_std,Starts Compl_median,Starts Compl_mean,Starts Compl_std,Subs Subs_median,Subs Subs_mean,Subs Subs_std,Subs Mn/Sub_median,Subs Mn/Sub_mean,Subs Mn/Sub_std,Subs unSub_median,Subs unSub_mean,Subs unSub_std,Team Success PPM_median,Team Success PPM_mean,Team Success PPM_std,Team Success onG_median,Team Success onG_mean,Team Success onG_std,Team Success onGA_median,Team Success onGA_mean,Team Success onGA_std,Team Success +/-_median,Team Success +/-_mean,Team Success +/-_std,Team Success +/-90_median,Team Success +/-90_mean,Team Success +/-90_std,Team Success On-Off_median,Team Success On-Off_mean,Team Success On-Off_std,Performance 2CrdY_median,Performance 2CrdY_mean,Performance 2CrdY_std,Performance Fls_median,Performance Fls_mean,Performance Fls_std,Performance Fld_median,Performance Fld_mean,Performance Fld_std,Performance Off_median,Performance Off_mean,Performance Off_std,Performance Crs_median,Performance Crs_mean,Performance Crs_std,Performance Int_median,Performance Int_mean,Performance Int_std,Performance TklW_median,Performance TklW_mean,Performance TklW_std,Performance PKwon_median,Performance PKwon_mean,Performance PKwon_std,Performance PKcon_median,Performance PKcon_mean,Performance PKcon_std,Performance OG_median,Performance OG_mean,Performance OG_std
Arsenal,25.0,23.7826,9.4626,19.0,17.2174,11.3576,532.5,524.125,311.4076,17.6,17.187,10.6669,1.0,2.7826,3.316,2.0,2.087,2.043,3.0,4.8696,4.3307,1.0,2.6087,2.8242,0.0,0.1739,0.6503,0.0,0.1739,0.6503,2.0,2.1304,1.7659,0.0,0.0,0.0,0.11,0.1948,0.2311,0.11,0.1248,0.1276,0.27,0.3196,0.253,0.11,0.1874,0.2226,0.27,0.3126,0.247,26.0,26.0,N/a,0.72,0.72,N/a,86.0,86.0,N/a,59.0,59.0,N/a,69.8,69.8,N/a,24.0,24.0,N/a,7.0,7.0,N/a,5.0,5.0,N/a,18.0,18.0,N/a,50.0,50.0,N/a,0.0,0.0,N/a,0.0,0.0,N/a,0.0,0.0,N/a,0.0,0.0,N/a,N/a,N/a,N/a,21.0,22.6522,19.5509,7.0,7.6087,7.3159,28.85,28.8455,16.0291,1.67,1.7287,1.3824,0.45,0.537,0.5705,0.11,0.1164,0.109,0.4,0.42,0.301,59.0,58.6087,21.3515,48.9,47.7391,29.6192,77.0,76.8571,10.0364,5.0,10.5217,11.1146,6.0,6.5652,4.7177,24.0,25.2727,7.7225,2.0,4.5217,5.4512,2.19,2.1857,0.1913,30.0,32.3913,20.3129,13.0,12.3913,7.6082,21.0,20.0,13.2836,1.16,1.2313,0.7375,-0.05,0.0041,1.014,0.0,0.0,0.0,15.0,16.1304,11.1938,13.0,16.6522,13.1205,1.0,2.6087,3.1585,9.0,28.3913,42.8504,9.0,10.913,10.7995,12.0,13.913,11.0779,N/a,N/a,N/a,N/a,N/a,N/a,0.0,0.0435,0.2085
Aston Villa,22.0,22.0,9.3541,16.0,15.84,11.0177,588.0,586.4545,264.088,15.7,15.76,10.1466,0.0,1.88,3.1134,1.0,1.44,1.6603,2.0,3.32,4.0282,0.0,1.88,3.1134,0.0,0.0,0.0,0.0,0.0,0.0,1.0,2.2,2.3979,0.0,0.04,0.2,0.0,0.126,0.1902,0.07,0.0876,0.0898,0.19,0.214,0.2007,0.0,0.126,0.1902,0.19,0.214,0.2007,23.0,23.0,19.799,1.425,1.425,0.3041,76.5,76.5,72.832,54.5,54.5,53.033,69.55,69.55,2.192,8.5,8.5,9.1924,4.0,4.0,2.8284,5.5,5.5,6.364,5.0,5.0,4.2426,32.9,32.9,10.0409,1.0,1.0,0.0,0.5,0.5,0.7071,0.5,0.5,0.7071,0.0,0.0,0.0,50.0,50.0,70.7107,10.0,18.2,21.0297,4.0,6.24,8.2728,33.3,30.8727,18.6586,1.03,1.3176,1.1208,0.3,0.4032,0.3853,0.05,0.0736,0.0792,0.25,0.2189,0.2136,59.0,60.36,22.2034,43.5,43.796,28.2067,81.0,78.2,10.8089,7.0,9.32,10.2051,4.0,6.16,5.6545,21.0,22.4762,10.2158,2.0,4.44,6.6713,1.69,1.6272,0.3429,17.0,21.8,14.6742,17.0,20.04,12.0502,2.0,1.76,4.6033,0.1,-0.0016,0.4001,-0.02,-0.0716,0.7612,0.0,0.0,0.0,11.0,14.48,13.5096,12.0,18.04,15.8495,0.0,1.6,4.4159,7.0,23.08,34.9105,6.0,8.24,7.3501,10.0,12.76,11.0351,N/a,N/a,N/a,N/a,N/a,N/a,0.0,0.04,0.2
Bournemouth,28.5,26.0,8.5594,17.0,18.75,11.3178,899.0,745.5714,316.8495,15.55,18.645,10.6575,1.0,2.25,3.024,1.0,1.4,1.5355,3.5,3.65,3.2811,1.0,2.05,2.5849,0.0,0.2,0.6156,0.0,0.2,0.6156,3.0,3.8,2.7067,0.0,0.1,0.3078,0.09,0.1505,0.1923,0.055,0.0735,0.0783,0.19,0.224,0.1969,0.09,0.141,0.1743,0.19,0.2145,0.1806,52.0,52.0,N/a,1.44,1.44,N/a,149.0,149.0,N/a,103.0,103.0,N/a,69.1,69.1,N/a,13.0,13.0,N/a,16.0,16.0,N/a,7.0,7.0,N/a,11.0,11.0,N/a,30.6,30.6,N/a,6.0,6.0,N/a,6.0,6.0,N/a,0.0,0.0,N/a,0.0,0.0,N/a,0.0,0.0,N/a,16.5,22.4,20.9847,5.5,7.25,7.4895,29.45,27.1278,17.1642,1.13,1.4715,1.4813,0.365,0.424,0.3845,0.065,0.0794,0.0773,0.25,0.28,0.1887,70.0,61.9,21.349,43.25,51.8,29.6172,83.0,80.4737,8.4352,8.0,10.75,11.7378,4.5,7.25,6.6876,23.0,20.5294,10.063,1.0,3.4,5.134,1.53,1.557,0.1787,22.0,28.7,16.5501,21.0,26.2,15.3575,2.0,2.5,4.1864,0.105,0.209,0.6034,-0.02,0.4663,1.7235,0.0,0.0,0.0,15.5,19.6,13.3511,12.0,17.35,15.0202,1.0,2.75,5.9194,19.0,33.25,38.4062,9.0,15.6,14.9258,15.5,17.1,13.9657,N/a,N/a,N/a,N/a,N/a,N/a,0.0,0.15,0.4894
Brentford,30.0,24.619,11.9686,21.0,18.8095,12.392,113.0,230.8333,227.1761,20.4,18.7905,12.0901,1.0,2.381,4.8936,1.0,1.5238,1.3274,2.0,3.9048,5.2811,1.0,2.0,3.3615,0.0,0.381,1.7457,0.0,0.4762,1.9652,2.0,3.0952,2.7732,0.0,0.0476,0.2182,0.03,0.1262,0.2274,0.06,0.1467,0.2494,0.17,0.2738,0.3021,0.03,0.1152,0.2059,0.17,0.2629,0.291,24.5,24.5,30.4056,2.155,2.155,1.195,69.0,69.0,91.9239,48.0,48.0,66.468,46.85,46.85,30.9006,7.0,7.0,8.4853,4.5,4.5,6.364,6.5,6.5,9.1924,5.0,5.0,7.0711,14.3,14.3,20.2233,3.5,3.5,4.9497,2.0,2.0,2.8284,1.5,1.5,2.1213,0.0,0.0,0.0,42.9,42.9,N/a,10.0,17.9524,20.74,3.0,6.7143,10.184,31.7,33.9833,20.6684,0.74,0.9857,0.9217,0.21,0.34,0.3469,0.09,0.0967,0.1182,0.32,0.2994,0.3024,67.0,63.0,24.954,56.5,52.1762,33.5619,83.0,83.5789,5.7283,10.0,12.6667,11.3108,7.0,5.8095,4.4791,20.0,22.3529,12.7424,3.0,6.1429,9.4936,1.42,1.41,0.5037,28.0,27.0952,16.616,30.0,25.4762,15.6991,1.0,1.619,3.0899,0.06,0.2071,0.965,-0.14,0.129,1.104,0.0,0.0,0.0,15.0,17.619,17.2785,12.0,15.3333,14.2384,1.0,2.6667,5.1897,15.0,30.3333,36.8773,13.0,14.7143,12.1043,13.0,15.0476,13.4702,N/a,N/a,N/a,N/a,N/a,N/a,0.0,0.1429,0.3586
Brighton,25.0,23.0833,10.0905,18.5,16.5,11.0375,328.0,466.5556,340.8108,17.35,16.4583,10.6332,1.0,2.125,2.6916,1.0,1.375,1.3453,2.5,3.5,3.3101,1.0,2.0,2.5707,0.0,0.125,0.3378,0.0,0.2083,0.658,2.0,3.5417,3.0357,0.0,0.0,0.0,0.12,0.1667,0.1889,0.1,0.1112,0.1406,0.25,0.2783,0.2931,0.095,0.1417,0.1812,0.23,0.2529,0.2958,42.0,42.0,N/a,1.17,1.17,N/a,135.0,135.0,N/a,97.0,97.0,N/a,72.6,72.6,N/a,14.0,14.0,N/a,11.0,11.0,N/a,11.0,11.0,N/a,10.0,10.0,N/a,27.8,27.8,N/a,6.0,6.0,N/a,5.0,5.0,N/a,1.0,1.0,N/a,0.0,0.0,N/a,16.7,16.7,N/a,17.5,19.2083,15.7148,6.0,6.875,6.6025,37.5,33.7524,14.4239,1.02,1.2987,1.0543,0.395,0.4696,0.4424,0.08,0.1019,0.0869,0.29,0.306,0.2684,62.0,57.9167,22.2572,48.25,45.7375,29.5288,81.5,78.7083,13.9891,5.5,9.5833,11.0882,6.5,6.5833,4.7996,19.0,19.9091,8.2515,2.0,3.9583,5.8196,1.47,1.3962,0.3435,22.5,23.7083,15.3438,20.0,19.1667,12.0241,4.5,4.5417,4.2116,0.27,0.2217,0.8336,-0.04,-0.0183,0.9554,0.0,0.0,0.0,16.0,18.0,12.7927,11.5,14.6667,11.7165,1.5,2.5417,2.8281,14.5,27.375,38.3381,9.0,12.375,11.5149,13.0,16.4167,13.7142,N/a,N/a,N/a,N/a,N/a,N/a,0.0,0.1667,0.3807
Burnley,25.0,23.1739,9.2474,16.0,16.913,9.6196,334.5,404.75,351.6489,16.4,16.8217,9.0877,1.0,1.4783,2.5738,0.0,1.087,1.4433,2.0,2.5652,2.9515,1.0,1.3913,2.2911,0.0,0.087,0.417,0.0,0.087,0.417,1.0,2.5652,2.8893,0.0,0.1304,0.3444,0.05,0.1035,0.159,0.0,0.067,0.0962,0.09,0.1704,0.1768,0.05,0.0987,0.1457,0.09,0.1657,0.1669,36.5,36.5,48.7904,2.015,2.015,0.0212,99.5,99.5,130.8148,66.0,66.0,86.267,68.75,68.75,3.7477,2.0,2.0,2.8284,4.5,4.5,4.9497,11.5,11.5,16.2635,2.0,2.0,2.8284,5.7,5.7,8.061,3.5,3.5,4.9497,3.0,3.0,4.2426,0.0,0.0,0.0,0.5,0.5,0.7071,0.0,0.0,N/a,11.0,14.2174,13.5645,3.0,4.6522,5.8279,30.0,27.7333,15.425,0.77,0.9274,0.7481,0.21,0.3004,0.3031,0.06,0.0929,0.1275,0.22,0.2647,0.3066,67.0,64.7391,20.43,45.6,46.6957,25.2565,82.0,81.2174,6.7484,8.0,9.8261,9.7405,6.0,6.2609,5.6906,17.0,18.5294,7.4424,3.0,6.0,7.6277,0.6,0.6017,0.1536,15.0,17.2174,8.7747,30.0,33.8696,18.5553,-17.0,-16.6522,10.5942,-0.99,-0.9039,0.395,0.05,0.0191,0.6315,0.0,0.0435,0.2085,13.0,15.6522,12.4082,11.0,13.1739,12.2536,1.0,2.3478,2.9327,9.0,18.6522,21.9827,10.0,13.6522,12.8792,15.0,14.7391,11.612,N/a,N/a,N/a,N/a,N/a,N/a,0.0,0.1739,0.491
Chelsea,23.0,20.8077,10.9143,12.0,15.1538,11.5471,382.0,416.9091,255.7239,12.15,15.0538,10.9434,0.5,2.0769,3.6543,1.0,1.3846,1.6752,1.0,3.4615,4.7936,0.5,1.8077,3.2499,0.0,0.2692,1.0414,0.0,0.3077,1.2254,3.0,3.3846,2.8576,0.0,0.2692,0.4523,0.02,0.0915,0.1416,0.03,0.0862,0.1136,0.12,0.1785,0.1945,0.02,0.0788,0.1186,0.12,0.1662,0.1808,25.5,25.5,28.9914,1.32,1.32,0.1838,74.0,74.0,86.267,49.0,49.0,57.9828,64.45,64.45,4.1719,6.5,6.5,7.7782,5.0,5.0,4.2426,6.5,6.5,9.1924,4.5,4.5,6.364,13.65,13.65,19.304,1.0,1.0,1.4142,1.0,1.0,1.4142,0.0,0.0,0.0,0.0,0.0,0.0,0.0,0.0,N/a,11.0,18.8462,21.4265,2.0,6.0769,8.4519,27.95,26.7318,19.3477,0.83,1.2719,1.1635,0.245,0.3719,0.405,0.04,0.0718,0.0887,0.205,0.2339,0.203,62.5,59.6538,19.2644,33.7,41.8269,30.3934,79.5,76.8077,10.9837,5.0,9.2692,10.0859,4.5,5.6538,4.289,26.0,27.76,12.2382,3.0,5.6154,6.2551,1.36,1.3023,0.3302,19.0,23.1538,17.6674,18.5,20.1923,13.7899,3.0,2.9615,6.5634,0.17,0.0758,0.854,0.02,0.0612,1.1565,0.0,0.1154,0.3258,12.0,15.1538,13.5696,13.5,15.8077,15.2421,1.0,2.1538,3.3069,5.5,25.2692,43.8858,7.5,12.9615,14.315,8.5,12.3077,12.3572,N/a,N/a,N/a,N/a,N/a,N/a,0.0,0.0,0.0
Crystal Palace,26.0,22.7619,10.6579,20.0,17.5714,12.2579,389.0,341.0,230.1492,19.6,17.6238,11.5608,0.0,1.5714,2.8735,0.0,0.9048,1.2611,1.0,2.4762,3.076,0.0,1.2381,2.0471,0.0,0.3333,0.9661,0.0,0.3333,0.9661,3.0,3.1905,2.2499,0.0,0.0952,0.3008,0.0,0.0857,0.1448,0.0,0.0519,0.071,0.11,0.1381,0.1464,0.0,0.0671,0.1183,0.09,0.1195,0.1266,23.5,23.5,33.234,0.67,0.67,0.9475,71.5,71.5,96.8736,50.5,50.5,67.1751,85.0,85.0,21.2132,5.5,5.5,7.7782,5.5,5.5,6.364,7.0,7.0,9.8995,6.0,6.0,7.0711,65.7,65.7,48.5075,3.5,3.5,3.5355,2.5,2.5,3.5355,0.5,0.5,0.7071,0.5,0.5,0.7071,16.7,16.7,N/a,15.0,17.7619,16.1149,4.0,5.7619,7.5558,29.2,27.1211,16.4129,0.91,1.1538,0.9212,0.2,0.3614,0.4144,0.0,0.0468,0.059,0.14,0.17,0.1864,68.0,64.381,24.33,54.5,48.9619,32.0863,83.0,82.4211,7.2135,11.0,12.381,11.91,4.0,5.1905,4.8023,21.0,23.8125,9.3397,1.0,6.5238,9.6157,1.23,1.1895,0.2146,18.0,18.6667,13.032,23.0,22.8095,14.6035,-5.0,-4.1429,4.4641,-0.26,-0.2657,0.4528,-0.21,0.0033,0.6903,0.0,0.0476,0.2182,14.0,16.1905,11.5482,18.0,14.5714,11.3251,0.0,2.9524,5.1524,11.0,24.8571,30.2379,7.0,13.2857,13.7082,15.0,18.1905,17.2847,N/a,N/a,N/a,N/a,N/a,N/a,0.0,0.0952,0.4364
Everton,28.0,25.15,9.7779,19.0,19.7,11.9345,517.0,499.1667,175.4542,19.1,19.645,11.6326,1.0,2.2,3.0366,1.0,1.65,2.0844,2.0,3.85,4.0298,1.0,2.1,2.9362,0.0,0.1,0.4472,0.0,0.1,0.4472,3.0,3.45,2.9996,0.0,0.2,0.4104,0.045,0.1015,0.1506,0.045,0.073,0.0871,0.13,0.174,0.1784,0.045,0.098,0.1488,0.13,0.1705,0.1763,46.0,46.0,N/a,1.28,1.28,N/a,140.0,140.0,N/a,98.0,98.0,N/a,69.3,69.3,N/a,13.0,13.0,N/a,10.0,10.0,N/a,13.0,13.0,N/a,11.0,11.0,N/a,30.6,30.6,N/a,4.0,4.0,N/a,3.0,3.0,N/a,1.0,1.0,N/a,0.0,0.0,N/a,25.0,25.0,N/a,18.5,19.8,14.5696,5.0,6.75,6.4226,30.8,33.3263,22.0481,1.105,1.1335,0.6935,0.33,0.3485,0.28,0.07,0.0763,0.0817,0.2,0.2265,0.215,73.0,65.05,23.1982,53.1,54.545,32.3253,86.5,82.5,7.5149,8.5,13.65,13.327,3.5,5.45,5.9425,18.0,18.1429,12.2088,0.0,4.25,6.6954,1.365,1.3685,0.1148,24.0,24.95,15.541,24.5,25.05,15.9026,0.0,-0.1,3.6835,0.0,0.003,0.3749,0.0,0.0721,0.7513,0.0,0.05,0.2236,18.0,18.75,11.8227,13.5,19.15,15.8588,1.0,2.55,3.9931,6.5,31.2,48.2816,11.0,14.5,13.8735,15.5,19.05,16.7095,N/a,N/a,N/a,N/a,N/a,N/a,0.0,0.05,0.2236
Fulham,27.0,25.3333,8.0146,19.0,18.619,10.2102,803.5,702.0,319.2667,18.5,18.4429,9.2797,1.0,1.9048,2.7911,1.0,1.1905,1.6315,1.0,3.0952,4.206,1.0,1.7143,2.3905,0.0,0.1905,0.8729,0.0,0.1905,0.8729,3.0,3.4286,2.4611,0.0,0.0476,0.2182,0.07,0.139,0.2185,0.03,0.0643,0.0883,0.15,0.2033,0.2515,0.07,0.131,0.2122,0.15,0.1957,0.2444,50.0,50.0,N/a,1.39,1.39,N/a,141.0,141.0,N/a,94.0,94.0,N/a,66.7,66.7,N/a,14.0,14.0,N/a,6.0,6.0,N/a,16.0,16.0,N/a,8.0,8.0,N/a,22.2,22.2,N/a,4.0,4.0,N/a,3.0,3.0,N/a,0.0,0.0,N/a,1.0,1.0,N/a,0.0,0.0,N/a,16.0,20.6667,19.7847,4.0,5.8571,6.3031,25.35,24.58,15.8347,0.99,1.2438,0.9459,0.32,0.359,0.3285,0.06,0.0815,0.1125,0.33,0.3818,0.3502,66.0,62.1905,20.5003,51.4,51.2048,25.776,82.0,79.7619,8.1235,10.0,10.7619,10.6766,6.0,6.7143,5.7109,19.0,17.3333,7.6389,2.0,4.2381,5.8643,1.33,1.3462,0.1394,22.0,22.5238,12.9985,24.0,25.4286,13.1437,-3.0,-2.9048,3.4771,-0.19,-0.2624,0.4366,-0.085,-0.0185,0.6611,0.0,0.0,0.0,13.0,18.0476,13.7967,13.0,15.1905,11.4089,1.0,2.9048,4.857,14.0,30.0476,31.7639,14.0,13.8571,10.1896,18.0,16.7619,12.1281,N/a,N/a,N/a,N/a,N/a,N/a,0.0,0.1429,0.3586
Leeds United,26.5,24.8636,7.7232,19.0,18.0,10.9458,479.0,534.4286,313.4511,18.2,17.9591,10.2355,1.0,2.1364,3.2993,1.0,1.0909,1.306,2.0,3.2273,3.8289,1.0,1.8636,2.624,0.0,0.2727,0.9351,0.0,0.3636,1.2168,2.5,2.6818,2.2759,0.0,0.0455,0.2132,0.03,0.1109,0.1697,0.035,0.0618,0.0728,0.125,0.1727,0.1952,0.03,0.0959,0.1357,0.125,0.1582,0.1672,26.5,26.5,3.5355,1.505,1.505,0.4313,68.0,68.0,7.0711,44.5,44.5,9.1924,65.1,65.1,6.7882,5.0,5.0,1.4142,7.0,7.0,1.4142,6.0,6.0,0.0,3.5,3.5,0.7071,19.4,19.4,0.8485,3.0,3.0,1.4142,3.0,3.0,1.4142,0.0,0.0,0.0,0.0,0.0,0.0,0.0,0.0,0.0,17.0,20.7273,17.6451,4.5,6.6818,7.6866,25.9,28.3,13.028,1.225,1.3627,1.0536,0.31,0.4055,0.3982,0.07,0.0684,0.0659,0.25,0.21,0.1788,65.0,60.4545,25.2996,50.65,49.8773,28.4235,84.0,79.2273,9.7635,11.0,11.0455,10.7326,6.5,6.8636,5.8821,19.0,18.1579,6.8008,5.0,6.3636,6.47,1.21,1.2168,0.1677,25.5,23.8182,14.5656,24.5,26.2273,13.5749,-3.5,-2.4091,5.2523,-0.17,-0.3573,0.7009,-0.17,-0.1141,1.0499,0.0,0.0455,0.2132,16.0,16.9545,13.9744,15.0,18.1364,15.2387,0.5,2.5455,5.3872,18.0,29.0909,34.7521,13.0,14.7727,13.2663,13.5,17.2273,14.9696,N/a,N/a,N/a,N/a,N/a,N/a,0.0,0.0455,0.2132
Liverpool,25.0,24.2273,9.8895,18.5,18.0,12.0317,469.0,505.625,276.3827,19.75,17.9864,11.379,2.0,2.6364,3.048,1.0,1.8636,1.8847,3.0,4.5,4.6265,2.0,2.5909,2.9866,0.0,0.0455,0.2132,0.0,0.0909,0.2942,1.5,2.4545,2.4049,0.0,0.0455,0.2132,0.08,0.155,0.1867,0.11,0.1345,0.1306,0.235,0.29,0.2608,0.08,0.1527,0.185,0.235,0.2882,0.2589,14.0,16.0,13.1149,1.62,1.5033,0.265,40.0,45.6667,35.8376,28.0,31.0,23.6432,67.5,67.8,1.2767,3.0,5.6667,6.4291,1.0,2.6667,3.7859,5.0,3.6667,2.3094,2.0,3.3333,4.1633,22.2,18.0667,16.3955,2.0,1.3333,1.1547,1.0,1.0,1.0,0.0,0.3333,0.5774,0.0,0.0,0.0,25.0,25.0,35.3553,13.5,24.8636,25.929,5.0,7.3636,7.4485,30.0,28.1368,12.5916,0.925,1.3845,1.237,0.32,0.4155,0.4022,0.1,0.0953,0.0742,0.33,0.3406,0.2417,69.0,62.9091,24.0177,54.9,49.9818,31.6054,81.5,79.3182,9.1879,7.5,11.5455,11.342,5.0,6.2273,6.3165,23.0,23.2353,9.1415,1.5,5.2727,7.1925,1.625,1.6186,0.2021,35.0,29.8636,17.6939,27.5,23.8636,14.2605,7.0,6.0,4.7409,0.35,0.4423,0.5287,0.19,0.0986,0.6864,0.0,0.0,0.0,14.0,16.6364,13.7583,16.0,16.6818,13.8371,0.5,3.2273,6.2254,15.0,32.3182,46.2029,7.0,10.6818,11.0772,11.0,13.5,10.9098,N/a,N/a,N/a,N/a,N/a,N/a,0.0,0.0,0.0
Manchester City,21.0,21.4167,10.1035,16.0,15.9167,10.236,468.0,502.6667,260.4966,15.45,15.8875,9.9446,1.0,2.9583,5.385,1.0,2.2917,2.9997,2.0,5.25,7.508,1.0,2.8333,4.8335,0.0,0.125,0.6124,0.0,0.1667,0.8165,2.0,2.5833,2.4833,0.0,0.0,0.0,0.065,0.1446,0.1967,0.125,0.1367,0.1543,0.195,0.2804,0.2971,0.065,0.1404,0.1823,0.195,0.2762,0.286,16.0,16.0,16.9706,1.09,1.09,0.3394,58.0,58.0,62.2254,42.0,42.0,43.8406,75.55,75.55,4.3134,11.5,11.5,14.8492,4.0,4.0,5.6569,2.5,2.5,0.7071,8.0,8.0,9.8995,39.4,39.4,8.6267,1.0,1.0,0.0,0.5,0.5,0.7071,0.5,0.5,0.7071,0.0,0.0,0.0,50.0,50.0,70.7107,12.5,22.7917,27.5602,3.0,8.0,12.2083,31.0,28.9476,15.7219,0.925,1.3512,1.1419,0.195,0.4608,0.5029,0.08,0.0867,0.0677,0.33,0.2855,0.1941,65.0,64.4167,18.6592,42.9,44.125,27.6276,83.0,81.5,6.1503,8.0,10.1667,9.1112,4.0,5.5,4.6062,19.0,20.25,7.2466,3.0,6.0833,7.6722,2.1,1.9771,0.4288,29.0,32.9167,22.8129,13.5,14.1667,8.6811,15.5,18.75,14.4771,1.13,0.9692,0.5295,-0.215,-0.1425,0.7627,0.0,0.0,0.0,15.0,14.25,11.3377,10.0,15.5833,13.6761,0.5,1.7083,2.1565,7.0,24.375,31.139,8.5,10.75,8.6841,9.5,13.0833,11.3441,N/a,N/a,N/a,N/a,N/a,N/a,0.0,0.0,0.0
Manchester Utd,25.0,24.0455,9.0263,15.5,18.0,10.3877,887.0,700.4286,308.5751,16.45,17.9318,9.4266,1.0,2.7273,3.744,1.0,1.9091,3.975,3.0,4.6364,6.5214,1.0,2.5455,3.5687,0.0,0.1818,0.8528,0.0,0.2727,1.2792,2.0,2.7727,2.6535,0.0,0.1364,0.3513,0.06,0.1345,0.1681,0.06,0.0818,0.1283,0.155,0.2164,0.2393,0.06,0.1286,0.1661,0.155,0.2109,0.2253,24.0,24.0,18.3848,1.53,1.53,0.4243,66.0,66.0,59.397,43.5,43.5,43.1335,61.8,61.8,10.748,9.0,9.0,9.8995,5.5,5.5,6.364,3.5,3.5,0.7071,3.5,3.5,4.9497,11.65,11.65,16.4756,2.0,2.0,2.8284,2.0,2.0,2.8284,0.0,0.0,0.0,0.0,0.0,0.0,0.0,0.0,N/a,13.0,25.0909,26.9212,3.5,9.0455,11.6025,27.8,25.82,16.2067,0.84,1.3073,1.08,0.22,0.435,0.5107,0.065,0.0695,0.066,0.275,0.2537,0.1752,68.0,64.9545,18.7984,45.6,49.8045,26.1952,83.0,82.619,5.835,10.5,11.5,7.9866,5.0,6.0455,5.3495,20.0,19.6471,6.5664,2.5,4.9545,7.4864,1.815,1.7764,0.2236,29.0,31.4091,18.9351,21.5,23.8182,12.1013,6.5,7.5909,9.1008,0.495,0.2936,0.4878,0.13,0.0895,0.9722,0.0,0.0455,0.2132,16.5,16.8636,12.151,13.5,17.1818,15.1269,0.5,2.3636,3.3459,8.5,27.7273,41.4156,11.0,13.1818,10.9572,14.5,17.5455,12.9605,N/a,N/a,N/a,N/a,N/a,N/a,0.0,0.0909,0.2942
Newcastle United,26.0,25.0909,6.1482,18.0,17.9545,7.3256,670.0,675.0,177.5528,17.85,17.9045,6.5292,1.0,2.2727,2.7976,1.0,1.3182,1.3588,2.5,3.5909,3.5678,1.0,2.0,2.3705,0.0,0.2727,0.7673,0.0,0.2727,0.7673,2.0,2.9091,2.8935,0.0,0.1364,0.3513,0.055,0.1327,0.1738,0.065,0.0709,0.0685,0.13,0.2045,0.1897,0.055,0.12,0.1625,0.13,0.1918,0.1744,26.0,26.0,12.7279,1.465,1.465,0.0778,74.5,74.5,51.6188,51.0,51.0,38.1838,66.75,66.75,5.0205,6.5,6.5,3.5355,3.5,3.5,2.1213,8.0,8.0,4.2426,4.0,4.0,4.2426,18.55,18.55,13.3643,2.5,2.5,0.7071,2.5,2.5,0.7071,0.0,0.0,0.0,0.0,0.0,0.0,0.0,0.0,0.0,16.5,21.3182,15.4068,5.0,7.5909,6.5731,33.3,34.2619,20.3711,1.235,1.2545,0.839,0.31,0.4482,0.3733,0.07,0.0762,0.0729,0.25,0.2253,0.172,70.0,64.2273,17.883,49.55,49.7591,18.1672,82.5,80.9091,7.4188,11.0,10.5909,8.1571,4.5,7.1364,5.566,19.0,20.3333,6.6207,3.0,4.3636,5.224,1.26,1.2709,0.1784,24.0,24.7273,9.402,26.5,25.3636,9.7323,-1.0,-0.6364,4.7464,-0.065,-0.0509,0.2898,0.0,0.0105,0.5993,0.0,0.0909,0.2942,15.0,16.8182,11.7863,14.5,18.9545,16.1525,2.0,2.0909,1.9739,13.0,38.2273,40.2728,6.0,11.0,10.3372,12.0,14.5909,9.9984,N/a,N/a,N/a,N/a,N/a,N/a,0.0,0.0909,0.2942
Nottingham Forest,18.5,18.9643,11.4649,11.5,13.9643,11.8961,353.0,366.0769,196.0988,11.7,13.9714,11.374,0.5,1.5714,2.741,0.0,1.1071,1.4742,1.5,2.6786,3.8302,0.5,1.4643,2.5016,0.0,0.1071,0.315,0.0,0.1071,0.315,1.0,2.0,2.1943,0.0,0.0357,0.189,0.02,0.12,0.2095,0.0,0.0814,0.1107,0.16,0.2011,0.2453,0.02,0.1164,0.2074,0.15,0.1975,0.2429,8.0,15.6667,16.8622,1.33,1.4167,0.2043,13.0,46.6667,59.1805,8.0,33.0,45.0444,66.7,61.9667,14.013,1.0,3.6667,5.5076,1.0,3.3333,4.9329,4.0,5.0,3.6056,1.0,3.0,3.4641,25.0,26.1,6.7179,1.0,2.0,2.6458,1.0,1.6667,2.0817,0.0,0.3333,0.5774,0.0,0.0,0.0,10.0,10.0,14.1421,10.0,15.8929,19.4238,2.5,5.2143,6.9568,31.3,31.1478,15.3456,1.185,1.1861,1.0012,0.27,0.385,0.3949,0.06,0.0852,0.1084,0.225,0.2332,0.26,61.0,61.5357,23.1908,32.5,38.8214,31.5937,82.0,79.2963,9.3719,3.5,9.0357,11.0503,3.0,5.0,5.0332,22.5,25.0,12.2226,4.0,5.2857,5.5368,1.215,1.0618,0.3811,13.5,17.6429,14.4535,17.0,18.1429,14.4446,-2.0,-0.5,4.3333,-0.07,-0.1596,0.8852,-0.105,-0.2486,1.3055,0.0,0.0,0.0,12.0,13.7857,13.7554,7.0,14.25,17.5196,1.0,2.0,2.9187,6.5,27.6071,45.2338,4.5,9.4286,12.1851,8.5,12.8214,15.1219,N/a,N/a,N/a,N/a,N/a,N/a,0.0,0.1071,0.4163
Sunderland,23.0,20.72,11.1262,15.0,15.8,11.5434,411.0,430.2727,232.9541,15.1,15.748,11.3831,1.0,1.36,1.7531,0.0,0.84,1.5727,1.0,2.2,2.6926,1.0,1.2,1.6583,0.0,0.16,0.6245,0.0,0.2,0.8165,2.0,3.08,2.8856,0.0,0.12,0.3317,0.03,0.0844,0.1106,0.0,0.0312,0.053,0.06,0.1156,0.1261,0.03,0.078,0.1102,0.06,0.1092,0.1209,23.0,23.0,29.6985,1.0,1.0,0.4667,78.0,78.0,93.3381,56.5,56.5,65.7609,77.05,77.05,8.8388,6.0,6.0,5.6569,6.0,6.0,8.4853,6.0,6.0,7.0711,5.5,5.5,6.364,31.8,31.8,2.1213,1.5,1.5,2.1213,1.0,1.0,1.4142,0.5,0.5,0.7071,0.0,0.0,0.0,33.3,33.3,N/a,12.0,14.64,12.3487,4.0,4.84,4.7318,29.3,28.7273,17.8443,0.83,0.956,0.7187,0.28,0.3328,0.3338,0.04,0.0623,0.0658,0.185,0.2283,0.1999,62.0,63.16,20.1777,42.0,43.728,31.6271,82.0,78.48,11.2328,4.0,10.64,11.7221,3.0,4.92,4.8556,20.0,23.1429,15.7775,1.0,4.36,5.6854,1.33,1.326,0.2435,15.0,16.12,12.3062,17.0,20.08,15.1077,-3.0,-3.96,4.5137,-0.28,-0.312,0.4403,-0.04,-0.0912,0.6116,0.0,0.0,0.0,14.0,15.32,11.6573,10.0,15.16,13.8374,1.0,2.12,2.571,10.0,22.76,30.4087,3.0,11.2,13.1276,6.0,13.52,15.311,N/a,N/a,N/a,N/a,N/a,N/a,0.0,0.08,0.2769
Tottenham Hotspur,23.0,21.0385,9.0177,14.0,15.2308,8.5478,559.5,551.25,319.4655,14.85,15.1423,8.2517,1.0,1.7308,2.201,1.0,1.3462,1.5477,2.0,3.0769,3.199,1.0,1.7308,2.201,0.0,0.0,0.0,0.0,0.0,0.0,3.0,3.6538,3.0717,0.0,0.1538,0.4641,0.09,0.1277,0.1648,0.055,0.0819,0.095,0.18,0.2096,0.1952,0.09,0.1277,0.1648,0.18,0.2096,0.1952,27.5,27.5,31.8198,1.305,1.305,0.4313,71.0,71.0,84.8528,45.0,45.0,53.7401,63.5,63.5,0.1414,4.5,4.5,3.5355,5.5,5.5,4.9497,8.0,8.0,9.8995,4.0,4.0,4.2426,21.3,21.3,1.8385,1.5,1.5,0.7071,1.5,1.5,0.7071,0.0,0.0,0.0,0.0,0.0,0.0,0.0,0.0,0.0,12.5,15.6154,13.6413,5.0,5.4231,5.0134,34.95,39.4375,22.0013,0.855,1.04,0.6987,0.305,0.4073,0.3412,0.08,0.1138,0.1245,0.27,0.3009,0.2619,63.5,63.0,16.1419,41.25,42.0615,22.9039,82.0,78.5,10.6405,7.5,9.0769,8.602,4.5,5.8077,4.956,22.5,22.7273,6.4082,2.0,4.1923,6.3876,1.03,1.0119,0.3038,18.0,19.3462,11.1245,23.0,23.0,12.01,-4.0,-3.6538,5.2759,-0.28,-0.3496,0.6084,-0.08,-0.0377,0.8774,0.0,0.0385,0.1961,18.5,16.4615,10.8599,12.0,13.3846,10.9511,1.0,2.1923,2.8428,9.5,27.5769,47.9,7.5,11.2308,10.3819,14.5,16.3077,13.308,N/a,N/a,N/a,N/a,N/a,N/a,0.0,0.0,0.0
West Ham United,18.0,17.6897,10.2299,12.0,13.6552,10.3174,180.0,349.8333,297.4338,13.0,13.5931,10.0919,0.0,1.3793,2.2899,0.0,0.931,2.069,1.0,2.3103,3.7806,0.0,1.2759,2.1364,0.0,0.1034,0.4093,0.0,0.1034,0.4093,1.0,2.2414,2.3853,0.0,0.1034,0.3099,0.0,0.0697,0.12,0.0,0.039,0.0661,0.05,0.1083,0.1501,0.0,0.0648,0.115,0.05,0.1031,0.1435,31.0,31.0,8.4853,1.705,1.705,0.2051,89.5,89.5,26.163,61.0,61.0,21.2132,68.3,68.3,2.9698,4.5,4.5,0.7071,4.5,4.5,0.7071,9.0,9.0,2.8284,3.0,3.0,4.2426,18.75,18.75,26.5165,3.5,3.5,3.5355,3.0,3.0,2.8284,0.0,0.0,0.0,0.5,0.5,0.7071,0.0,0.0,0.0,5.0,12.7586,18.1081,1.0,4.3103,6.5416,26.3,23.7833,20.553,0.64,0.8603,0.8076,0.08,0.2421,0.3357,0.0,0.0579,0.0758,0.215,0.2011,0.2015,74.0,62.6897,25.5246,36.1,37.7552,28.0351,84.0,80.1071,11.0297,4.0,9.1034,9.0922,3.0,4.0345,4.6174,19.5,17.8182,8.7811,3.0,5.6552,6.0016,1.0,0.951,0.3796,17.0,15.8621,12.2057,23.0,23.2759,16.2259,-8.0,-7.4138,5.7353,-0.53,-0.7886,0.941,0.06,0.0159,1.4588,0.0,0.0345,0.1857,11.0,13.7241,13.7734,6.0,12.5172,16.2648,1.0,2.1379,3.7486,6.0,20.5517,31.6596,6.0,11.1034,12.4938,9.0,13.0345,13.8577,N/a,N/a,N/a,N/a,N/a,N/a,0.0,0.1034,0.4093
Wolves,21.0,19.9259,8.9181,14.0,14.6667,8.0336,606.0,591.6,303.7514,13.7,14.5815,8.1381,1.0,0.8519,1.0267,1.0,0.6296,0.6877,1.0,1.4815,1.397,0.0,0.7778,1.0127,0.0,0.0741,0.2669,0.0,0.1481,0.456,2.0,2.8519,3.219,0.0,0.1111,0.3203,0.03,0.0548,0.0787,0.03,0.053,0.0846,0.08,0.1089,0.1148,0.0,0.05,0.0776,0.07,0.1037,0.1135,24.0,22.0,14.1067,2.0,2.0,0.33,62.0,54.0,37.6431,39.0,33.3333,24.0069,62.1,59.6,5.0388,0.0,1.0,1.7321,2.0,3.0,2.6458,10.0,8.0,5.2915,0.0,1.3333,2.3094,0.0,6.3333,10.9697,1.0,1.3333,0.5774,1.0,1.3333,0.5774,0.0,0.0,0.0,0.0,0.0,0.0,0.0,0.0,0.0,14.0,12.5926,10.9764,3.0,4.2593,4.1565,33.3,32.8917,21.5825,0.78,0.9274,0.7278,0.24,0.2967,0.2644,0.05,0.0521,0.0755,0.14,0.1838,0.2413,67.0,64.7778,19.3437,38.1,40.5148,22.587,83.0,78.7407,10.2941,7.0,9.0741,8.1379,4.0,5.2593,4.7765,23.0,22.8182,10.1025,4.0,5.2222,5.2134,0.45,0.4444,0.2225,8.0,10.1111,6.7785,27.0,26.7778,13.6052,-17.0,-16.6667,8.2229,-1.19,-1.2941,0.477,-0.23,-0.1107,0.6906,0.0,0.037,0.1925,16.0,17.037,14.7947,9.0,14.2593,14.6171,1.0,1.8148,2.6171,13.0,24.3704,35.0967,7.0,10.3333,10.3738,11.0,14.6667,15.65,N/a,N/a,N/a,N/a,N/a,N/a,0.0,0.1481,0.456
